"date","hour","text","source","username","hashtags"	
"2019-06-25,"0:20:04","EUA mant√™m a estrat√©gia de press√£o com castigos econ√¥micos ao regime iraniano ap√≥s a ofensiva militar abortada na s‚Ä¶ https://t.co/ewaXS1EkkP","Hootsuite Inc.","elpais_brasil",""	
"2019-06-24","23:49:07","Opini√£o | ""Texto permite o uso de dados dos aposentados para finalidades al√©m das necess√°rias, inclusive de marketi‚Ä¶ https://t.co/sZrYj0sXRX","Hootsuite Inc.","elpais_brasil",""	
"2019-06-24","22:45:06","Embora se comprometa a reparar o hist√≥rico descaso com a modalidade, o novo presidente da CBF havia bancado, antes‚Ä¶ https://t.co/IjoIsL0MF7","Hootsuite Inc.","elpais_brasil",""	
"2019-06-24","21:50:08","Documento comprova a presen√ßa de policiais disfar√ßados durante pedido. Corpora√ß√£o havia negado que ato fosse feito‚Ä¶ https://t.co/1ls52aVkbX","Hootsuite Inc.","elpais_brasil",""	
"2019-06-24","21:00:12","Opini√£o | ""Preocupa√ß√£o com a prote√ß√£o dos nossos dados tem fundamento, mas s√≥ um algoritmo √© capaz de nos proteger‚Ä¶ https://t.co/tfELjLIhIO","Hootsuite Inc.","elpais_brasil",""	
"2019-06-24","20:00:15","Governo mexicano descobre registro radiof√¥nico que pode ser o √∫nico existente da pintora #arquivoelpais https://t.co/qmTfWFR7Jl","Hootsuite Inc.","elpais_brasil","arquivoelpais"	
"2019-06-24","18:56:17","Novo programa da rede brit√¢nica parodia a duquesa de Sussex com um tom de pele mais escuro que o dela e com uma per‚Ä¶ https://t.co/xry8EleUmg","Hootsuite Inc.","elpais_brasil",""	
"2019-06-24","18:03:59","Come√ßa a contagem regressiva para evitar o fim do grande √°rbitro do com√©rcio mundial em favor de um sistema em que‚Ä¶ https://t.co/hD061KUrmX","Hootsuite Inc.","elpais_brasil",""	
"2019-06-24","16:00:24","Opini√£o |""O ministro se precipita em concluir que 'a montanha pariu um rato' com as mensagens vazadas pelo 'The Int‚Ä¶ https://t.co/aMzkdoMIoq","Hootsuite Inc.","elpais_brasil",""	
"2019-06-24","15:10:11","S√©rie documental da Netflix recupera o surrealista caso do apresentador brasileiro Wallace Souza https://t.co/w4H7LZZ57R","Hootsuite Inc.","elpais_brasil",""	
"2019-06-24","14:20:08","Alerta: ser c√≠nico n√£o o faz ser mais intelectual, ir√¥nico e sat√≠rico, e ainda pode tirar anos de sua vida https://t.co/ZHd84iwgeL","Hootsuite Inc.","elpais_brasil",""	
"2019-06-24","13:30:36","Os quatro produtos mais comuns que tentam nos vender como muito saud√°veis #arquivoelpais https://t.co/9SRY1J7x91","Hootsuite Inc.","elpais_brasil","arquivoelpais"	
"2019-06-24","12:45:07","Agress√£o contra sistemas militares e de intelig√™ncia aconteceu no mesmo dia em que o presidente abortou um ataque c‚Ä¶ https://t.co/5wGXqHHqFK","Hootsuite Inc.","elpais_brasil",""	
"2019-06-24","11:50:07","A ind√∫stria da √°gua entrou para valer no mercado de luxo e j√° est√° de olho nas geleiras do planeta #arquivoelpais https://t.co/SqPLRq8CRX","Hootsuite Inc.","elpais_brasil","arquivoelpais"	
"2019-06-24","11:00:45","Ex-delegado, senador Fabiano Contarato, que confrontou Moro no Senado, diz que, apesar das cr√≠ticas, se mant√©m defe‚Ä¶ https://t.co/2kdid7gmkT","Hootsuite Inc.","elpais_brasil",""	
"2019-06-24","0:37:13","Quando se tornou a maior artilheira das Copas, quis enviar uma mensagem: ‚ÄúEu divido com voc√™s que lutam e batalham‚Ä¶ https://t.co/HXxTe5OQkX","Hootsuite Inc.","elpais_brasil",""	
"2019-06-24","0:00:24","Todas as modalidades poss√≠veis da utiliza√ß√£o de not√≠cias falsas e outros m√©todos de campanha suja confluem de manei‚Ä¶ https://t.co/MKrzc3G7vt","Hootsuite Inc.","elpais_brasil",""	
"2019-06-23","23:05:05","‚ÄúTodo o seu entorno ativou a maquinaria para ele sair do PSG e fez com que os clubes mais poderosos soubessem disso‚Ä¶ https://t.co/rnb3b4XtiA","Hootsuite Inc.","elpais_brasil",""	
"2019-06-23","21:37:30","Entrevista | ""Hoje, com um celular s√£o feitas imagens de uma qualidade incr√≠vel, mas a fotografia √© algo que voc√™ t‚Ä¶ https://t.co/sUsisdhW7U","Hootsuite Inc.","elpais_brasil",""	
"2019-06-23","20:20:04","‚ÄúEles n√£o v√£o tirar nossos direitos t√£o facilmente‚Äù, diz a empreendedora social Isabel na primeira Parada do Orgulh‚Ä¶ https://t.co/JxTTtZS8XT","Hootsuite Inc.","elpais_brasil",""	
"2019-06-23","19:00:11","No dia 4 de abril, come√ßou uma guerra civil na L√≠bia, a terceira desde 2011, na qual mais de 600 pessoas j√° morreram https://t.co/ZxROjKT9na","Hootsuite Inc.","elpais_brasil",""	
"2019-06-23","18:00:10","Desde o resgate do barco, a Espanha acolheu 1.000 pessoas que estavam √† deriva no Mediterr√¢neo. Estas s√£o algumas d‚Ä¶ https://t.co/eBy1HCFT91","Hootsuite Inc.","elpais_brasil",""	
"2019-06-23","17:00:12","Ex-banqueiro com doen√ßa degenerativa exige do Estado recursos para que o poder aquisitivo n√£o determine a sobreviv√™‚Ä¶ https://t.co/GuCKXF7UXs","Hootsuite Inc.","elpais_brasil",""	
"2019-06-23","16:22:58","REPORTAGEM | ""√âdipo Ruan tem uma m√£o tem o celular. Na outra, um tubo de  Pegamil, uma cola de silicone para artesa‚Ä¶ https://t.co/7nbrR8xs3e","Twitter Web Client","elpais_brasil",""	
"2019-06-23","16:00:13","Tr√™s de cada quatro estrelas do universo t√™m planetas que poderiam abrigar seres vivos em condi√ß√µes extremas https://t.co/l5V4PrhtbB","Hootsuite Inc.","elpais_brasil",""	
"2019-06-23","15:05:05","Com 33 anos, √© uma orangotango a quem a Justi√ßa argentina reconheceu seus direitos como ‚Äúpessoa n√£o humana‚Äù https://t.co/ibUFwjYJiA","Hootsuite Inc.","elpais_brasil",""	
"2019-06-23","14:00:27","O divertido do mapa n√£o √© que aponte o livro mais conhecido de cada pa√≠s, mas que d√° novas ideias para nos aproxima‚Ä¶ https://t.co/dt4NlTCgHZ","Hootsuite Inc.","elpais_brasil",""	
"2019-06-23","13:00:17","Em reportagem, @chicofelitti acompanha o concurso de drags em S√£o Paulo que √© mais antigo que o de RuPaul. ‚ÄúEu gost‚Ä¶ https://t.co/nTgsHiglPk","Hootsuite Inc.","elpais_brasil",""	
"2019-06-23","12:00:16","O problema n√£o √© apenas perdermos os contatos com o tempo, mas tamb√©m n√£o os substituirmos https://t.co/rN00ZJM0eW","Hootsuite Inc.","elpais_brasil",""	
"2019-06-23","11:00:47","O verdadeiro segredo dessa magia aparentemente intang√≠vel da Pixar n√£o est√° na arte, mas na ci√™ncia #arquivoelpais https://t.co/3ZbNDmCW4y","Hootsuite Inc.","elpais_brasil","arquivoelpais"	
"2019-06-23","7:44:14","A guerra pol√≠tica em torno do caso nos pr√≥ximos dias deve se dar em duas frentes, a principal delas no STF. Uma das‚Ä¶ https://t.co/TYgIddCdNV","Hootsuite Inc.","elpais_brasil",""	
"2019-06-23","0:05:05","Jogadoras da sele√ß√£o brasileira se orgulham de expor publicamente uni√µes homoafetivas que, ainda hoje, s√£o tratadas‚Ä¶ https://t.co/F8aMSPec2Z","Hootsuite Inc.","elpais_brasil",""	
"2019-06-22","23:00:25","A que se deve a disparidade de g√™nero? ‚ÄúN√£o √© discrimina√ß√£o‚Äù, alerta Claudia Godin. ‚ÄúH√° algo mais‚Äù https://t.co/lLcVozka7R","Hootsuite Inc.","elpais_brasil",""	
"2019-06-22","22:00:08","Trump respondeu advertindo que a op√ß√£o militar em rela√ß√£o ao Ir√£ continua sobre a mesa https://t.co/fwIE0vrUMn","Hootsuite Inc.","elpais_brasil",""	
"2019-06-22","21:00:10","A crise de 2007 foi devastadora para a classe m√©dia dos EUA e do Canad√°, mas uma grande oportunidade para Jonathan‚Ä¶ https://t.co/8ontumBqBZ","Hootsuite Inc.","elpais_brasil",""	
"2019-06-22","20:00:11","‚ÄúEle virou um deus no Peru por fazer o futebol do pa√≠s acordar para o mundo‚Äù . Por @diogomagri https://t.co/UDEX5N8sFW","Hootsuite Inc.","elpais_brasil",""	
"2019-06-22","19:00:13","Movimento juvenil contra a mudan√ßa clim√°tica e a cria√ß√£o de novos impostos na Uni√£o Europeia tentam desestimular as‚Ä¶ https://t.co/iCv5dVPXrC","Hootsuite Inc.","elpais_brasil",""	
"2019-06-22","18:00:11","No pa√≠s que lidera os ranking mundial de assassinatos de transexuais e travestis, Gretta Star e L√©o Barbosa falam d‚Ä¶ https://t.co/ENbN9Wi7IK","Hootsuite Inc.","elpais_brasil",""	
"2019-06-22","17:00:13","O ex-prefeito de Londres Boris Johnson √© o favorito nas prim√°rias para substituir Theresa May https://t.co/CpJ9Dt5fmZ","Hootsuite Inc.","elpais_brasil",""	
"2019-06-22","16:00:16","Alta comiss√°ria da ONU para os Direitos Humanos consegue a perman√™ncia de dois delegados no pa√≠s https://t.co/ubNEQQqqMi","Hootsuite Inc.","elpais_brasil",""	
"2019-06-22","14:00:24","As lagartixas-de-cauda-de-chicote se arranjam sozinhas para ter descend√™ncia sem fertiliza√ß√£o masculina‚Ä¶ https://t.co/6zJAmkqWIu","Hootsuite Inc.","elpais_brasil",""	
"2019-06-22","13:29:35","Guerrero volta a Itaquera e, apesar da sa√≠da conturbada , espera recep√ß√£o carinhosa: ‚ÄúSou meio louco, assim como os‚Ä¶ https://t.co/OvVzfL0RNN","Hootsuite Inc.","elpais_brasil",""	
"2019-06-22","13:00:22","Por que √© imposs√≠vel garantir que n√£o adoeceremos no inverno? Existem mais de 200 v√≠rus que causam catarro com sint‚Ä¶ https://t.co/wbYVpkA6ks","Hootsuite Inc.","elpais_brasil",""	
"2019-06-22","12:00:20","Cr√≠tica | ""Estes bonecos de 'Toy Story 4' podem causar depend√™ncia nos viciados se os perdermos de vista. E somos m‚Ä¶ https://t.co/OtThJ3FUQL","Hootsuite Inc.","elpais_brasil",""	
"2019-06-22","1:00:08","Para essa jovem mi√∫da, mas desafiadora, a liga√ß√£o entre a luta pela sexualidade e a causa ambiental da defesa do te‚Ä¶ https://t.co/TWUMmSZJ12","Hootsuite Inc.","elpais_brasil",""	
"2019-06-22","0:00:09","O caso conhecido como La Manada n√£o constituiu um mero abuso sexual, e sim um estupro coletivo, decidiu o Tribunal‚Ä¶ https://t.co/wcWq9xTHzW","Hootsuite Inc.","elpais_brasil",""	
"2019-06-21","23:00:11","As naturezas-mortas do s√©culo XVII eram de excepcional qualidade, mas os humildes girass√≥is de Van Gogh t√™m movimen‚Ä¶ https://t.co/FyhdYgT37O","Hootsuite Inc.","elpais_brasil",""	
"2019-06-21","22:00:12","Ao STF, a procuradora-geral manifestou ""preocupa√ß√£o com a circunst√¢ncia de que as supostas mensagens divulgadas pel‚Ä¶ https://t.co/QAPp84FwIE","Hootsuite Inc.","elpais_brasil",""	
"2019-06-21","21:06:12","""S√£o muito graves as palavras de Bolsonaro, que deseja agora que os cidad√£os estejam armados para poder evitar a te‚Ä¶ https://t.co/1eNCWnXKVy","Hootsuite Inc.","elpais_brasil",""	
"2019-06-21","20:00:16","Descobertas recentes expandem a dieta desses s√≠mios e a tecnologia que usam para se alimentar https://t.co/CT6SQCo1RV","Hootsuite Inc.","elpais_brasil",""	
"2019-06-21","19:00:24","Existe uma gera√ß√£o de jovens em Mathare que mostra ser capaz de mudar os rumos da pobreza e exclus√£o no bairro https://t.co/fvF7pebhwq","Hootsuite Inc.","elpais_brasil",""	
"2019-06-21","18:00:24","Document√°rio de Petra Costa, que estreou no Netflix, traz um retrato para al√©m do impeachment. Por @talitabedinelli https://t.co/VGB5stAQvV","Hootsuite Inc.","elpais_brasil",""	
"2019-06-21","17:06:44","Renata √Åvila e Joana Varon: ""At√© Moro e seus apoiadores entendem que 'whistleblowers' auxiliam na luta contra a cor‚Ä¶ https://t.co/h0odXWViZY","Hootsuite Inc.","elpais_brasil",""	
"2019-06-21","16:01:20","Gigante dos hipermercados aceita a san√ß√£o por violar durante mais de uma d√©cada a lei contra pr√°ticas corruptas https://t.co/4JQctyqAeG","Hootsuite Inc.","elpais_brasil",""	
"2019-06-21","15:05:15","Funcion√°rios iranianos dizem que presidente dos EUA avisou Teer√£ sobre a ofensiva atrav√©s de Om√£ https://t.co/HFZG5h1DYX","Hootsuite Inc.","elpais_brasil",""	
"2019-06-21","14:00:46","O objetivo do ‚Äòproaging‚Äô √© envelhecer com vitalidade, sem doen√ßas #arquivoelpais https://t.co/HPn2XGKEJz","Hootsuite Inc.","elpais_brasil","arquivoelpais"	
"2019-06-21","13:00:38","Toque desse animal produz dor s√∫bita t√£o intensa que pode fazer com que a v√≠tima se afogue #arquivoelpais https://t.co/opDS31wuWw","Hootsuite Inc.","elpais_brasil","arquivoelpais"	
"2019-06-21","12:00:34","Entrevista | ""Por mais que Leo [Messi] n√£o ganhe nada com sua sele√ß√£o, para mim ser√° o melhor da hist√≥ria depois do‚Ä¶ https://t.co/m7eqm6yRfd","Hootsuite Inc.","elpais_brasil",""	
"2019-06-21","1:15:05","Voc√™s foram decisivos para mudar o rumo do Brasil"", proclamou Bolsonaro diante da multid√£o da Marcha para Jesus https://t.co/ZcpeS95v6J","Hootsuite Inc.","elpais_brasil",""	
"2019-06-20","23:39:21","Durante seu programa de r√°dio, Reinaldo Azevedo divulgou mensagens que teriam sido trocadas entre procuradores ap√≥s‚Ä¶ https://t.co/H7UBKOXpa6","Hootsuite Inc.","elpais_brasil",""	
"2019-06-20","22:08:05","Estas s√£o algumas das hist√≥rias das posses mais importantes para crian√ßas que s√≥ conheceram o conflito na S√≠ria https://t.co/z7ilX6aZ9U","Hootsuite Inc.","elpais_brasil",""	
"2019-06-20","21:00:13","O que nos dizem estes ossos do final de um poderoso sistema pol√≠tico que floresceu durante s√©culos na Am√©rica Centr‚Ä¶ https://t.co/Bv65XgWVBb","Hootsuite Inc.","elpais_brasil",""	
"2019-06-20","20:00:14","A Guarda Revolucion√°ria do Ir√£ anunciou a derrubada de um ‚Äúdrone espi√£o norte-americano‚Äù. Trump reagiu pelo Twitter https://t.co/hVmmzgb7CR","Hootsuite Inc.","elpais_brasil",""	
"2019-06-20","19:00:21","Enquanto Joe Biden e Bernie Sanders concentram suas campanhas em uma mensagem anti-Trump, Warren prop√µe https://t.co/YmIAE6kMr6","Hootsuite Inc.","elpais_brasil",""	
"2019-06-20","18:00:23","Nicholas Negroponte antev√™ um salto para a humanidade gra√ßas √† produ√ß√£o de alimentos artificiais e ao surgimento de‚Ä¶ https://t.co/gX6LOXofkp","Hootsuite Inc.","elpais_brasil",""	
"2019-06-20","17:00:30","Na regi√£o, 1 em 4 jovens casa-se ou vive em uma uni√£o informal antes dos 18 anos https://t.co/bocyM9llhM","Hootsuite Inc.","elpais_brasil",""	
"2019-06-20","16:00:36","Redu√ß√£o dos pre√ßos das mat√©rias-primas e cen√°rio turbulento do com√©rcio global penalizam vendas ao exterior https://t.co/PpnQTdhMAb","Hootsuite Inc.","elpais_brasil",""	
"2019-06-20","15:05:13","EL PA√çS teve acesso √†s grava√ß√µes feitas pela pol√≠cia dos extorsion√°rios que tentaram vender √°udios e v√≠deos do cibe‚Ä¶ https://t.co/KYQRaaxYT8","Hootsuite Inc.","elpais_brasil",""	
"2019-06-20","14:00:41","H√° hoje dois pa√≠ses em colis√£o: num deles, ser transexual √© maravilhoso	 no outro, uma maldi√ß√£o #arquivoelpais https://t.co/d3GqKCWBtd","Hootsuite Inc.","elpais_brasil","arquivoelpais"
"2019-06-20","13:00:38","Bolsonaro carrega para o Planalto uma agenda religiosa que ainda n√£o tinha encontrado tanta legitimidade no Executi‚Ä¶ https://t.co/pTUBzj1ZkF","Hootsuite Inc.","elpais_brasil",""	
"2019-06-20","12:00:37","FOTOGALERIA | De Berlim a S√£o Paulo, passando por Taip√©, manifesta√ß√µes pelos direitos, desfiles de carros aleg√≥rico‚Ä¶ https://t.co/3frSBOtwTH","Hootsuite Inc.","elpais_brasil",""	
"2019-06-20","1:05:57","Em audi√™ncia, ministro afirma n√£o se lembrar de todas as mensagens atribu√≠das a ele e, ao mesmo tempo, diz que n√£o‚Ä¶ https://t.co/4rFuDrWRZ0","Hootsuite Inc.","elpais_brasil",""	
"2019-06-20","0:20:04","OPINI√ÉO | ""Diferentemente da Lava Jato, cada um dos lit√≠gios dos movimentos sociais se submeteu integralmente √†s re‚Ä¶ https://t.co/Tx1aYzRN6k","Hootsuite Inc.","elpais_brasil",""	
"2019-06-19","23:30:12","Ex-juiz participou de audi√™ncia ao longo de nove horas no Senado na tentativa de evitar a abertura de comiss√£o de i‚Ä¶ https://t.co/JRSV4k0DXg","Hootsuite Inc.","elpais_brasil",""	
"2019-06-19","22:40:35","OPINI√ÉO | ""Leis federais e estaduais v√™m sofrendo mudan√ßas que estimulam o roubo de florestas p√∫blicas, que s√£o des‚Ä¶ https://t.co/T4PnzdwjkY","Hootsuite Inc.","elpais_brasil",""	
"2019-06-19","21:50:04","Filho do t√©cnico, auxiliar Matheus Bachi, ascende e agora instrui atletas em campo. H√° tr√™s anos, C√≥digo de √âtica d‚Ä¶ https://t.co/yNLW4KdbGV","Hootsuite Inc.","elpais_brasil",""	
"2019-06-19","20:58:58","Tribunal anula como marca europeia o c√©lebre desenho da marca alem√£ de material esportivo, por n√£o reconhecer seu ‚Äú‚Ä¶ https://t.co/mTluEGKAhG","Hootsuite Inc.","elpais_brasil",""	
"2019-06-19","20:00:13","Jornalista norte-americano acaba de lan√ßar  ‚ÄòRep√≥rter‚Äô, autobiografia que no Brasil sai pela editora Todavia. ‚ÄúSou‚Ä¶ https://t.co/SgKgscZ6u0","Hootsuite Inc.","elpais_brasil",""	
"2019-06-19","19:00:26","Governo do pa√≠s outorga a essa organiza√ß√£o o mesmo status fiscal das institui√ß√µes beneficentes e das Igrejas. Mas n‚Ä¶ https://t.co/IInpnAef33","Hootsuite Inc.","elpais_brasil",""	
"2019-06-19","18:00:29","Relat√≥rio publicado nesta quarta-feira pede o aprofundamento da investiga√ß√£o sobre o papel de Bin Salman no assassi‚Ä¶ https://t.co/h1n4DNsADx","Hootsuite Inc.","elpais_brasil",""	
"2019-06-19","17:00:35","Presidente lan√ßa campanha √† reelei√ß√£o em tom revanchista, e acusa os democratas de promoverem investiga√ß√µes injustas https://t.co/bvlNtFz7Xs","Hootsuite Inc.","elpais_brasil",""	
"2019-06-19","16:01:20","Moradores de Sommar, que vivem 69 dias do ano sob a luz cont√≠nua do Sol, querem abolir a rigidez dos hor√°rios https://t.co/pLdz0v8GSW","Hootsuite Inc.","elpais_brasil",""	
"2019-06-19","15:10:12","ELIANE BRUM | Ao liberar agrot√≥xicos numa velocidade in√©dita, o governo envenena o Brasil https://t.co/Uywk5N4dvZ","Hootsuite Inc.","elpais_brasil",""	
"2019-06-19","14:20:15","Craques como Maradona e Pel√© s√£o reverenciados em 15 redutos que contam a hist√≥ria do esporte mais popular do mundo‚Ä¶ https://t.co/BEsWhfJ7m5","Hootsuite Inc.","elpais_brasil",""	
"2019-06-19","13:30:09","AO VIVO | Ministro da Justi√ßa presta esclarecimentos no Senado sobre as informa√ß√µes reveladas pelo 'The Intercept B‚Ä¶ https://t.co/uRdzjHnNAi","Hootsuite Inc.","elpais_brasil",""	
"2019-06-19","12:40:13","Uma imagem mostra as consequ√™ncias da mudan√ßa clim√°tica na regi√£o https://t.co/9RjpwDl7y4","Hootsuite Inc.","elpais_brasil",""	
"2019-06-19","11:50:06","Ministro costura apoios de senadores e deputados na v√©spera de depoimento ao Senado sobre vazamentos. Por‚Ä¶ https://t.co/mrE3MB60JK","Hootsuite Inc.","elpais_brasil",""	
"2019-06-19","11:00:30","OPINI√ÉO| ""Presidente e ministro se esfor√ßam para demonstrar que √© poss√≠vel conviver lado a lado, e assim come√ßam a‚Ä¶ https://t.co/i7xWZS4pxH","Hootsuite Inc.","elpais_brasil",""	
"2019-06-19","10:41:52","RT @breiller: Resposta do Tite √† pergunta sobre conflito √©tico de ter o pr√≥prio filho como auxiliar na sele√ß√£o. https://t.co/GhGXSw2MtX","Twitter Web Client","elpais_brasil",""	
"2019-06-19","10:00:24","Moro pediu ao presidente do Senado para prestar explica√ß√µes sobre teor das reportagens do 'The Intercept'. Via‚Ä¶ https://t.co/IG3ELLeShE","Hootsuite Inc.","elpais_brasil",""	
"2019-06-19","1:20:04","Mortes causadas por policiais superaram os homic√≠dios dolosos (com inten√ß√£o de matar), aponta estudo da Unicef https://t.co/NSoNzcnWur","Hootsuite Inc.","elpais_brasil",""	
"2019-06-19","0:23:05","√öLTIMA HORA | Em nova derrota para o Governo, o projeto que derruba o decreto de armas de Bolsonaro foi aprovado no‚Ä¶ https://t.co/savZbm626w","Hootsuite Inc.","elpais_brasil",""	
"2019-06-19","0:06:05","Novas revela√ß√µes do site 'The Intercept Brasil' acontecem um dia antes de Moro enfrentar o Senado https://t.co/7vQieoo8Jz","Hootsuite Inc.","elpais_brasil",""	
"2019-06-18","22:40:04","Novos epis√≥dios da s√©rie, agora da Netflix, enfrentam o desafio de atender √†s expectativas de f√£s de todo o mundo https://t.co/hU8gq1NuqY","Hootsuite Inc.","elpais_brasil",""	
"2019-06-18","22:31:30","Com a participa√ß√£o de 82% da categoria, os tr√™s procuradores mais votados nesta ter√ßa foram M√°rio Bonsaglia, Luiza‚Ä¶ https://t.co/gvFGv9DTEw","Twitter Web Client","elpais_brasil",""	
"2019-06-18","21:45:41","RT @gil_alessi: Ao defender a derrubada do Decreto de Armas, K√°tia Abreu (PDT-TO) lembrou o epis√≥dio ocorrido em 1995 no qual o ent√£o deput‚Ä¶","Twitter Web Client","elpais_brasil",""	
"2019-06-18","21:00:13","Blindada contra a crise, La Vinotinto sonha com triunfo hist√≥rico na Copa Am√©rica https://t.co/0iU3yn0QXr","Hootsuite Inc.","elpais_brasil",""	
"2019-06-18","21:00:12","‚Äú√â um orgulho vir ao est√°dio apoiar nossa sele√ß√£o‚Äù, diz o t√©cnico de elevadores Jos√© Jaramillo, de 31 anos. ‚ÄúN√£o po‚Ä¶ https://t.co/dv9kYXme62","Hootsuite Inc.","elpais_brasil",""	
"2019-06-18","20:35:44","RT @gil_alessi: Os senadores Randolfe Rodrigues (REDE-AP) e Rose de Freitas (Podemos-ES) disseram ter recebido amea√ßas an√¥nimas para votar‚Ä¶","Twitter Web Client","elpais_brasil",""	
"2019-06-18","20:10:22","RT @gil_alessi: Na semana passada o decreto do Governo foi derrotado na Comiss√£o de Constitui√ß√£o e Justi√ßa do Senado por 15 votos a 9.","Twitter Web Client","elpais_brasil",""	
"2019-06-18","20:02:58","RT @gil_alessi: Come√ßa no Senado a sess√£o que pode aprovar projeto contra o decreto de armas do presidente Bolsonaro. Se passar, a mat√©ria‚Ä¶","Twitter Web Client","elpais_brasil",""	
"2019-06-18","20:00:13","Presidente do Paris Saint-Germain lan√ßa mensagens de advert√™ncia ao brasileiro https://t.co/B8uhmZ8vv0","Hootsuite Inc.","elpais_brasil",""	
"2019-06-18","19:05:35","#CopadoMundoFeminina | Acompanhe ao vivo a sele√ß√£o brasileira contra as italianas pelo grupo C https://t.co/nnfr2ssAIi","Twitter Web Client","elpais_brasil","CopadoMundoFeminina"	
"2019-06-18","19:00:17","Rede social espera que esta nova divisa seja central para a era da Internet e nos pa√≠ses em desenvolvimento https://t.co/x7tPoAw432","Hootsuite Inc.","elpais_brasil",""	
"2019-06-18","18:02:18","Procuradores elegem nesta ter√ßa seus tr√™s indicados para a lista que ser√° submetida ao presidente https://t.co/L3iDPZBX4K","Hootsuite Inc.","elpais_brasil",""	
"2019-06-18","18:00:24","A ind√∫stria de cruzeiros em Veneza gera mais de 400 milh√µes de euros por ano para a It√°lia, um neg√≥cio muito frut√≠f‚Ä¶ https://t.co/CKUWGBvfXB","Hootsuite Inc.","elpais_brasil",""	
"2019-06-18","16:00:29","Foram achados dois planetas do tamanho da Terra orbitando a estrela Teegarden, a 12,5 anos-luz daqui https://t.co/1G0vgzgFYA","Hootsuite Inc.","elpais_brasil",""	
"2019-06-18","15:10:10","O presidente mais pol√™mico das √∫ltimas d√©cadas lan√ßa sua campanha √† reelei√ß√£o nesta ter√ßa-feira, em Orlando https://t.co/amZpbwkPx1","Hootsuite Inc.","elpais_brasil",""	
"2019-06-18","14:42:51","Empresas, a√ßougues, lavadoras de carros e f√°bricas do Brasil financiaram a compra de um software produzido por uma‚Ä¶ https://t.co/ddBqtVgwge","Hootsuite Inc.","elpais_brasil",""	
"2019-06-18","14:36:56","RT @breiller: Ingressos caros e arquibancadas em sil√™ncio refletem a cruzada da Conmebol para higienizar os est√°dios com p√∫blico elitizado.‚Ä¶","Twitter Web Client","elpais_brasil",""	
"2019-06-18","13:30:26","Ex-presidente da UEFA reconheceu em 2013 que participou de uma reuni√£o secreta com o ent√£o presidente da Fran√ßa, Ni‚Ä¶ https://t.co/bQiWdDRPCL","Hootsuite Inc.","elpais_brasil",""	
"2019-06-18","12:40:07","Antrop√≥loga e professora da UnB, que saiu do Brasil ap√≥s sucessivas amea√ßas de morte, vive agora ‚Äúlimbo jur√≠dico‚Äù.‚Ä¶ https://t.co/fWBFYFJITH","Hootsuite Inc.","elpais_brasil",""	
"2019-06-18","12:15:11","Sele√ß√£o africana, que n√£o somou nenhum ponto no Mundial, conseguiu que sua federa√ß√£o se comprometa a pagar √†s mulhe‚Ä¶ https://t.co/JDH5Nt40f3","Hootsuite Inc.","elpais_brasil",""	
"2019-06-18","11:50:07","Drauzio Varella: ""Se voc√™ visitar uma cadeia, um pronto socorro e um est√°dio de futebol lotado, voc√™ consegue fazer‚Ä¶ https://t.co/VYFubocOKs","Hootsuite Inc.","elpais_brasil",""	
"2019-06-18","11:00:26","Adiar em nove minutos o momento de sair da cama poderia causar confus√£o no c√©rebro, segundo algumas hip√≥teses https://t.co/Q0tGDlAgVo","Hootsuite Inc.","elpais_brasil",""	
"2019-06-18","2:30:08","Casado h√° 15 anos com Glenn Greenwald, o deputado acredita que as intimida√ß√µes t√™m rela√ß√£o com a s√©rie de reportage‚Ä¶ https://t.co/DANjfgD9ss","Hootsuite Inc.","elpais_brasil",""	
"2019-06-18","1:40:55","‚ÄúFalar de 'caixa preta' √© cortina de fuma√ßa‚Äù, diz ex-presidente da institui√ß√£o no Governo Temer https://t.co/b2PfVfStvp","Hootsuite Inc.","elpais_brasil",""	
"2019-06-18","0:56:05","Joshua Wong, o l√≠der mais carism√°tico do movimento estudantil dos Guarda-Chuvas, em Hong Kong, h√° cinco anos, deixo‚Ä¶ https://t.co/QIMfOF8iSA","Hootsuite Inc.","elpais_brasil",""	
"2019-06-17","23:30:12","Grupo Odebrecht chegou a ter mais de 180.000 empregados cinco anos atr√°s	 hoje s√£o 48.000 https://t.co/0Lxn4okrBg","Hootsuite Inc.","elpais_brasil",""
"2019-06-17","22:46:28","RT @diogomagri: Neste exato momento, ""Evid√™ncias"" vers√£o karaok√™ ecoa em alto e bom som no Morumbi, com o tel√£o mostrando quem se disp√µe a‚Ä¶","Twitter Web Client","elpais_brasil",""	
"2019-06-17","22:46:18","RT @diogomagri: Acompanhe aqui ao vivo as √∫ltimas informa√ß√µes de Chile x Jap√£o pela Copa Am√©rica https://t.co/9NgK4GnMHI","Twitter Web Client","elpais_brasil",""	
"2019-06-17","22:45:52","RT @diogomagri: De volta ao Morumbi, agora para Chile x Jap√£o. Expectativa de p√∫blico baixo no est√°dio que recebe seu segundo jogo na Copa‚Ä¶","Twitter Web Client","elpais_brasil",""	
"2019-06-17","22:45:05","OPINI√ÉO | ""Elitizar o espet√°culo √© um posicionamento estrat√©gico da Conmebol que √© repleto de atitudes simb√≥licas"",‚Ä¶ https://t.co/YkDypRUhis","Hootsuite Inc.","elpais_brasil",""	
"2019-06-17","21:15:31","O mundo da astronomia entrou em estado de alerta devido aos planos da empresa aeroespacial SpaceX, fundada pelo bil‚Ä¶ https://t.co/IOwKVC6QOv","Hootsuite Inc.","elpais_brasil",""	
"2019-06-17","20:24:57","Essas pontes espalhadas pelo mundo se tornaram atra√ß√µes tur√≠sticas. Saiba por que vale visit√°-las https://t.co/viQed1YKwF","Hootsuite Inc.","elpais_brasil",""	
"2019-06-17","19:00:15","Como se explica isso de antipatizar logo de cara com algu√©m? #arquivoelpais https://t.co/wR8ikx1vQF","Hootsuite Inc.","elpais_brasil","arquivoelpais"	
"2019-06-17","17:59:49","S√≠nodo da Amaz√¥nia, marcado para outubro em Roma, quer enfrentar a escassez de cl√©rigos nas grandes extens√µes da Am‚Ä¶ https://t.co/5E1n0mRl27","Hootsuite Inc.","elpais_brasil",""	
"2019-06-17","17:00:22","Pesquisador e pediatra Leonardo Trasandre lan√ßa luz sobre os custos financeiros e de sa√∫de dos disruptores hormonai‚Ä¶ https://t.co/bomC2iVVJ2","Hootsuite Inc.","elpais_brasil",""	
"2019-06-17","16:00:22","Falta de consci√™ncia amea√ßa a conserva√ß√£o da arte nas m√£os dos ricos https://t.co/BgKHdDuryf","Hootsuite Inc.","elpais_brasil",""	
"2019-06-17","15:10:09","H√° 60 anos, embate entre gigantes opunha pela primeira e √∫nica vez as duas maiores lendas da era rom√¢ntica do futeb‚Ä¶ https://t.co/2n4mnKACZ2","Hootsuite Inc.","elpais_brasil",""	
"2019-06-17","14:20:09","Desemprego depois da recess√£o de 2015/2016 derrubou em 20% ganhos dos mais vulner√°veis e ampliou a desigualdade no‚Ä¶ https://t.co/y9b4pC3PFj","Hootsuite Inc.","elpais_brasil",""	
"2019-06-17","13:30:40","Entidades e ativistas pedem a descriminaliza√ß√£o da homossexualidade e denunciam a pr√°tica desse teste por parte das‚Ä¶ https://t.co/dljPXT4jyZ","Hootsuite Inc.","elpais_brasil",""	
"2019-06-17","12:40:06","Avaria em uma central el√©trica deixou 48 milh√µes de pessoas sem luz durante v√°rias horas na Argentina e Uruguai https://t.co/SidTtfz8t9","Hootsuite Inc.","elpais_brasil",""	
"2019-06-17","11:50:06","Elas n√£o funcionam como num passe de m√°gica. Mas a ci√™ncia mostra que pessoas que enfrentam a vida com otimismo e p‚Ä¶ https://t.co/pA4WJrR3WY","Hootsuite Inc.","elpais_brasil",""	
"2019-06-17","11:00:31","Opini√£o | ""Chama a aten√ß√£o que alguns setores da sociedade flertem com a (perigosa) ideia de responsabilizar os pr√≥‚Ä¶ https://t.co/IVJE2K2TzN","Hootsuite Inc.","elpais_brasil",""	
"2019-06-17","1:04:33","Governos e plataformas procuram f√≥rmulas para deter a difus√£o de imagens √≠ntimas sem consentimento. E os ativistas‚Ä¶ https://t.co/1dnetdrskO","Hootsuite Inc.","elpais_brasil",""	
"2019-06-17","0:01:29","Uma jovem com mais de 2,6 milh√µes de f√£s no Instagram n√£o consegue vender o m√≠nimo de ‚Äú36 camisetas‚Äù que a empresa‚Ä¶ https://t.co/UXkAQ6rfrQ","Hootsuite Inc.","elpais_brasil",""	
"2019-06-16","23:01:23","Candidato do Alternativa pela Alemanha era o favorito em G√∂rlitz, uma cidade de 56.000 habitantes, contra a oposi√ß√£‚Ä¶ https://t.co/QsbNoRn39E","Hootsuite Inc.","elpais_brasil",""	
"2019-06-16","21:56:53","Antrop√≥loga, autora do livro 'Sobre o autoritarismo brasileiro', diz que mensagens reveladas pelo The Intercept mos‚Ä¶ https://t.co/2sWTmHqH6F","Hootsuite Inc.","elpais_brasil",""	
"2019-06-16","20:56:03","Opini√£o | ""Di√°logos vazados de Moro e Dallagnol aumentam a percep√ß√£o de que a justi√ßa tamb√©m pode atuar politicamen‚Ä¶ https://t.co/POli9QQfXx","Hootsuite Inc.","elpais_brasil",""	
"2019-06-16","20:00:08","O gigante asi√°tico, que monopoliza 80% da produ√ß√£o mundial, amea√ßa se negar a exportar para seu rival esses minerai‚Ä¶ https://t.co/q70DBDT5z7","Hootsuite Inc.","elpais_brasil",""	
"2019-06-16","18:58:04","Manifesta√ß√£o √© a mais gigantesca da hist√≥ria recente de Hong Kong: teve a participa√ß√£o de 28% de uma popula√ß√£o de s‚Ä¶ https://t.co/H8V9kfVl8W","Hootsuite Inc.","elpais_brasil",""	
"2019-06-16","18:00:11","As autoridades ainda n√£o encontraram explica√ß√µes para o apag√£o. No Brasil, o Operador Nacional do Sistema El√©trico‚Ä¶ https://t.co/1MLYfomlrk","Hootsuite Inc.","elpais_brasil",""	
"2019-06-16","17:00:13","Plataformas sociais geram um eco infinito. Algumas vezes, levam a uma desumaniza√ß√£o do outro. Precisamos de forma√ß√£‚Ä¶ https://t.co/0nLQNfIzPn","Hootsuite Inc.","elpais_brasil",""	
"2019-06-16","16:00:16","Joaquim Levy pediu demiss√£o ap√≥s as queixas p√∫blicas de Bolsonaro sobre indica√ß√£o de economista que trabalhou em go‚Ä¶ https://t.co/A5lZ14ThpY","Hootsuite Inc.","elpais_brasil",""	
"2019-06-16","15:00:16","Economia norte-americana soma 121 meses de expans√£o desde a recess√£o de 2008, mas a recupera√ß√£o √© mais lenta e desi‚Ä¶ https://t.co/x2A3CdZEib","Hootsuite Inc.","elpais_brasil",""	
"2019-06-16","14:00:35","Opini√£o | ""√â uma coincid√™ncia no m√≠nimo infeliz que o filho do treinador da sele√ß√£o seja seu bra√ßo direito na comis‚Ä¶ https://t.co/lqC78cS22A","Hootsuite Inc.","elpais_brasil",""	
"2019-06-16","13:00:37","Imagens das jovens, uma delas transexual, comp√µem poema de amor em um livro e uma exposi√ß√£o #arquivoelpais https://t.co/yplm9jngXz","Hootsuite Inc.","elpais_brasil","arquivoelpais"	
"2019-06-16","12:00:18","Opini√£o |O feminismo corre o perigo de se perverter se adotar uma linha fan√°tica e intransigente da qual existem, i‚Ä¶ https://t.co/uugA8V1LUf","Hootsuite Inc.","elpais_brasil",""	
"2019-06-16","1:00:06","Proposta de lei do partido ecologista portugu√™s PAN pede multas de 2.000 reais aos infratores https://t.co/rD8RmaiEp4","Hootsuite Inc.","elpais_brasil",""	
"2019-06-15","23:58:52","Revela√ß√£o de conversas entre o antigo juiz e o promotor da Lava Jato lan√ßa graves d√∫vidas sobre sua imparcialidade https://t.co/RbHOd56BnK","Hootsuite Inc.","elpais_brasil",""	
"2019-06-15","23:00:07","Cineasta e cen√≥grafo, apaixonado por √≥pera e indicado ao Oscar por 'Romeu &amp	 Julieta', faleceu em Roma aos 96 anos  https://t.co/NkqtM3cC8M","Hootsuite Inc.","elpais_brasil",""
"2019-06-15","22:00:10","Pouco antes das grandes mudan√ßas, o que est√° a ponto de desaparecer para sempre pode parecer eterno. O paleontologi‚Ä¶ https://t.co/dJFp87mYTZ","Hootsuite Inc.","elpais_brasil",""	
"2019-06-15","21:00:08","O jogador beija o Batman, Dali, Marilyn Monroe nos muros paulistas, ‚Äúmas n√£o beijaria Trump jamais‚Äù, diz Luis Bueno‚Ä¶ https://t.co/XqhQwU1qSq","Hootsuite Inc.","elpais_brasil",""	
"2019-06-15","20:00:09","Opini√£o | ""Transformamos os jogadores em deuses cada vez mais inalcan√ß√°veis e, como Neymar, afastados da realidade‚Ä¶ https://t.co/v9Tv43bEsX","Hootsuite Inc.","elpais_brasil",""	
"2019-06-15","19:11:56","Opini√£o |""  Olha o hacker! √â fake news! Em plena crise de vazamentos que desconstroem mitos nacionais, uma cr√¥nica‚Ä¶ https://t.co/Wei0Gk8lrX","Hootsuite Inc.","elpais_brasil",""	
"2019-06-15","18:00:12","Medida levou imensas multid√µes para as ruas na √∫ltima semana. Ministra-chefe anunciou que quer acalmar os √¢nimos no‚Ä¶ https://t.co/5EmXxnjiHO","Hootsuite Inc.","elpais_brasil",""	
"2019-06-15","17:00:13","General Luiz Eduardo Ramos, nomeado ministro, deve destinar verbas para ve√≠culos de comunica√ß√£o mais alinhados com‚Ä¶ https://t.co/VF46tAiQ9v","Hootsuite Inc.","elpais_brasil",""	
"2019-06-15","16:00:15","Eurodeputado, radiante depois do surpreendente resultado da Europa Ecologia ‚àí Os Verdes nas elei√ß√µes europeias, son‚Ä¶ https://t.co/5YjoPD1vkl","Hootsuite Inc.","elpais_brasil",""	
"2019-06-15","15:00:16","Com audi√™ncia recorde, Copa do Mundo mobiliza torcida e promove o reconhecimento tardio de uma gera√ß√£o de mulheres‚Ä¶ https://t.co/EX3nDkzaXF","Hootsuite Inc.","elpais_brasil",""	
"2019-06-15","14:00:24","Visto como instrumento pol√≠tico em manifesta√ß√µes, uniforme amarelo enfrenta rejei√ß√£o ap√≥s esc√¢ndalos de corrup√ß√£o q‚Ä¶ https://t.co/XSjdB9Wkkz","Hootsuite Inc.","elpais_brasil",""	
"2019-06-15","13:00:23","Bishop evitava os r√≥tulos, quaisquer fossem eles: mulher, l√©sbica, modernista ou norte-americana #arquivoelpais https://t.co/gxNKJKzZnu","Hootsuite Inc.","elpais_brasil","arquivoelpais"	
"2019-06-15","12:00:18","De novembro de 2018 at√© o final de abril passado, a m√©dia di√°ria de Trump foi de 23 falsidades https://t.co/fZCTOcHeWk","Hootsuite Inc.","elpais_brasil",""	
"2019-06-15","11:10:05","Com Bolsonaro na plateia e mais de 20 milh√µes de reais em arrecada√ß√£o, partida no Morumbi gera cornetada de torcedo‚Ä¶ https://t.co/rCjVlnYHk3","Hootsuite Inc.","elpais_brasil",""	
"2019-06-15","2:50:02","Enquanto as ruas protestavam, o Governo de Jair Bolsonaro se lan√ßava a criar mais ru√≠dos com o Congresso. Por‚Ä¶ https://t.co/bNlmr1Dm8R","Hootsuite Inc.","elpais_brasil",""	
"2019-06-15","2:37:32","RT @diogomagri: Com 3 gols no segundo tempo, a sele√ß√£o teve uma estreia tranquila, mesmo com as vaias da torcida no intervalo. A partida ma‚Ä¶","Twitter Web Client","elpais_brasil",""	
"2019-06-15","2:02:57","""A defesa [de Lula] j√° fez o showzinho dela"", diz Moro, segundo o site The Intercept Brasil, em mensagem trocada co‚Ä¶ https://t.co/ZXXJZuLjdP","Hootsuite Inc.","elpais_brasil",""	
"2019-06-14","23:30:13","O ineditismo da conquista do Brasil no sul-americano de 1919 serviu de ensejo para uma passagem infame na hist√≥ria‚Ä¶ https://t.co/X0bWfy9ni0","Hootsuite Inc.","elpais_brasil",""	
"2019-06-14","22:40:04","Os hackers franceses tentavam instalar no rob√¥ de cozinha o jogo 'Doom' quando descobriram o microfone oculto https://t.co/Z5v97rZjbl","Hootsuite Inc.","elpais_brasil",""	
"2019-06-14","21:50:05","Cr√≠tica | ""Longe de se entregar √† originalidade, 'Homens de Preto: Internacional' prefere n√£o arriscar nada"", escre‚Ä¶ https://t.co/rUcqjVGJTL","Hootsuite Inc.","elpais_brasil",""	
"2019-06-14","21:00:16","Bolsonaro declarou que a decis√£o do STF prejudica a pr√≥pria comunidade LGBT e entra na esfera penal https://t.co/FzOJ4MYDVV","Hootsuite Inc.","elpais_brasil",""	
"2019-06-14","20:00:14","Cl√≥vis Rossi tinha 76 anos e uma coluna no jornal 'Folha de S.Paulo', mas nunca deixou de ser rep√≥rter https://t.co/Ta7g80m12G","Hootsuite Inc.","elpais_brasil",""	
"2019-06-14","19:05:10","A 'Pulga' quer sua revanche no Brasil. Seu amigo Neymar n√£o estar√° l√° para impedi-lo https://t.co/v3LrOmrOWT","Hootsuite Inc.","elpais_brasil",""	
"2019-06-14","17:00:19","Javier Mat√≠as Darroux Mijalchuk √© o mais recente dos beb√™s roubados durante a ditadura a recuperar sua identidade.‚Ä¶ https://t.co/p4kVQqKyl8","Hootsuite Inc.","elpais_brasil",""	
"2019-06-14","16:24:49","RT @gil_alessi: A For√ßa Sindical estimou que ""mais de 45 milh√µes de trabalhadores participaram dos atos e manifesta√ß√µes"" programados para a‚Ä¶","Twitter Web Client","elpais_brasil",""	
"2019-06-14","16:00:26","‚ÄòBig Little Lies‚Äô retorna com Meryl Streep dando vida √† sogra da personagem de Nicole Kidman e um desafio quase sub‚Ä¶ https://t.co/yV9ljBwG2l","Hootsuite Inc.","elpais_brasil",""	