date,"hour","text","source","username","hashtags"	
2019-06-25,"2:30:00","Na Ar√°bia Saudita, elas s√≥ podem estudar, se casar e at√© sair da pris√£o com autoriza√ß√£o de 'tutor' - em geral o pai‚Ä¶ https://t.co/46n3qGmZSs","TweetDeck","G1",""	
2019-06-25,"2:00:00","Apesar do interesse, a maioria dos participantes disse que busca ou recebe informa√ß√µes sobre ci√™ncia somente ""de ve‚Ä¶ https://t.co/1nrT0HQ7Lz","TweetDeck","G1",""	
2019-06-25,"1:45:00","Advogados identificaram crian√ßas com fome e roupas sujas https://t.co/ws4QAxBI8Y #G1","TweetDeck","G1","G1"	
2019-06-25,"1:30:00","Na B√©lgica, o procedimento foi legalizado em 2002 e, em m√©dia, √© aplicado a seis pessoas por dia https://t.co/AEBWMEDD0x #G1","TweetDeck","G1","G1"	
2019-06-25,"1:15:00","O Brasil foi um dos pa√≠ses mais impactados por essa pr√°tica. Leia no blog do Altieres Rohr https://t.co/C1C0yf3A2f #G1","TweetDeck","G1","G1"	
2019-06-25,"1:00:00","Mini Cooper ganha s√©rie limitada 60 Years por R$ 171.990 ==&gt	 https://t.co/8IevL5w4iq #G1 https://t.co/9aSLftE8XN","TweetDeck","G1","G1"
2019-06-25,"0:59:39","Americana √© encontrada morta em pousada em Paraty https://t.co/iVeZzQ9GdP #G1 https://t.co/dAtXIgmUrW","TweetDeck","G1","G1"	
2019-06-25,"0:45:00","Entenda como Estados Unidos e Ir√£ chegaram √† beira de um conflito armado ===&gt	 https://t.co/hueXzP1p8h #G1 https://t.co/EBlhbK36NF","TweetDeck","G1","G1"
2019-06-25,"0:30:00","Dopey - que significa Drogado, em tradu√ß√£o livre - tem sido descrito como o podcast ""que voc√™ n√£o ia querer que seu‚Ä¶ https://t.co/DWENAvDngK","TweetDeck","G1",""	
2019-06-25,"0:24:57","Veja as dezenas da Quina de S√£o Jo√£o üçÄüçÄüçÄhttps://t.co/PA7gcXhKuI #G1","TweetDeck","G1","G1"	
2019-06-25,"0:23:50","Banda alem√£ entrou para a programa√ß√£o do @rockinrio ü§òü§òü§ò https://t.co/ntwAk6daFe #G1","TweetDeck","G1","G1"	
2019-06-25,"0:15:00","Doria deu a declara√ß√£o ap√≥s ter sido questionado sobre o fato de o presidente Jair Bolsonaro ter dito que h√° ""99% d‚Ä¶ https://t.co/8R0Ky6CEPH","TweetDeck","G1",""	
2019-06-25,"0:00:00","""Quer√≠amos que parecesse um document√°rio live-action, mesmo que ele seja uma anima√ß√£o"", conta Jon Favreau, diretor‚Ä¶ https://t.co/UsT1Y1jKFA","TweetDeck","G1",""	
2019-06-24,"23:45:00","Uma pesquisa de opini√£o publicada no domingo no jornal ""Mail on Sunday"" aponta que a vantagem de Johnson entre os e‚Ä¶ https://t.co/PYVXMVGe8v","TweetDeck","G1",""	
2019-06-24,"23:30:59","Grupo registra espet√°culo de baleias jubarte em Arraial do Cabo, RJ	 veja v√≠deos https://t.co/znoQj8Iuju #G1 https://t.co/4R4ZQtepVC","TweetDeck","G1","G1"
2019-06-24,"23:30:00","Na pr√°tica, a ag√™ncia de marcas e patentes n√£o vai mais impedir registros de marcas por profanidade ou imagens gr√°f‚Ä¶ https://t.co/zATseeSqFM","TweetDeck","G1",""	
2019-06-24,"23:20:48","""N√£o √© uma quest√£o de desejo pessoal. N√£o √© uma quest√£o pol√≠tica, √© uma quest√£o econ√¥mica. √â como tirar o Rock in R‚Ä¶ https://t.co/h6t9ULd3rh","TweetDeck","G1",""	
2019-06-24,"23:15:00","Leia no blog da @sandracoh https://t.co/eiAJcPES1E #G1","TweetDeck","G1","G1"	
2019-06-24,"23:11:31","RT @jornalnacional: Supremo Tribunal Federal retira da pauta de ter√ßa (25) o julgamento de um pedido de liberdade do ex-presidente Lula. O‚Ä¶","TweetDeck","G1",""	
2019-06-24,"23:00:00","O juiz tamb√©m determinou que a mulher continue internada em cl√≠nica psiqui√°trica at√© o julgamento https://t.co/4zkg6v3p5D #G1","TweetDeck","G1","G1"	
2019-06-24,"22:45:00","""Em 188 anos √© um momento √∫nico. Hist√≥rico e espero que abra precedentes para que ningu√©m mais, dentro ou fora de q‚Ä¶ https://t.co/YD32sWfszr","TweetDeck","G1",""	
2019-06-24,"22:17:31","Presidente havia assinado nova medida provis√≥ria depois que o Congresso devolveu √† Funai a responsabilidade pelas d‚Ä¶ https://t.co/uIy7JmebrD","TweetDeck","G1",""	
2019-06-24,"22:15:00","""Ela sempre quis uma festa da pol√≠cia, me pede desde que tinha tr√™s anos, mas eu sempre insisto no tema de princesa‚Ä¶ https://t.co/w24L9CCWRY","TweetDeck","G1",""	
2019-06-24,"22:00:01","Ex-governador S√©rgio Cabral ficar√° em isolamento por 30 dias por instala√ß√£o de 'videoteca' em pres√≠dio do Rio https://t.co/b4F3deJPQk #G1","TweetDeck","G1","G1"	
2019-06-24,"21:45:00","Equipes da Pol√≠cia Militar, Pol√≠cia Civil e do Corpo de Bombeiros fazem buscas na regi√£o https://t.co/aGxD9Da4ZQ #G1","TweetDeck","G1","G1"	
2019-06-24,"21:41:32","Conhecido como Iuri Sheik, suspeito tamb√©m √© empres√°rio e fechou perfis em redes sociais onde compartilhava fotos c‚Ä¶ https://t.co/hddEsJcVKa","TweetDeck","G1",""	
2019-06-24,"21:30:00","No fim de semana, presidente criticou projeto e disse que Congresso quer torn√°-lo ""uma rainha da Inglaterra"" https://t.co/65oGaF1jxU #G1","TweetDeck","G1","G1"	
2019-06-24,"21:15:00","O miau nosso de cada dia nos dai hoje https://t.co/4nIyl6Tu0x #G1","TweetDeck","G1","G1"	
2019-06-24,"21:00:00","De primeiro de janeiro at√© agora, foram registrados mais de um milh√£o de casos com suspeita de dengue no pa√≠s, o qu‚Ä¶ https://t.co/kXSLIRNWvt","TweetDeck","G1",""	
2019-06-24,"20:45:00","Especialistas em bombas disseram ""com quase 100% de certeza"" que se tratava de uma bomba da 2¬™ Guerra Mundial, prov‚Ä¶ https://t.co/zX7M8SEQOz","TweetDeck","G1",""	
2019-06-24,"20:30:00","Mulher morre ap√≥s ser jogada de apartamento e companheiro √© preso em flagrante por feminic√≠dio https://t.co/lCtHikM4iF #G1","TweetDeck","G1","G1"	
2019-06-24,"20:15:00","O Minist√©rio da Sa√∫de autorizou formalmente que o SUS realize procedimentos m√©dicos relativos √† redesigna√ß√£o sexual‚Ä¶ https://t.co/b2wIJuWMR7","TweetDeck","G1",""	
2019-06-24,"20:00:00","""Eu n√£o suporto mais a dor, n√£o consigo dormir √† noite, pedi aos m√©dicos que cortem minhas m√£os para pelo menos res‚Ä¶ https://t.co/VoCzgNFYNb","TweetDeck","G1",""	
2019-06-24,"19:53:39","Presidente afirmou que o contrato com evento com S√£o Paulo vence no ano que vem e 'seria isso ou a sa√≠da do Brasil'‚Ä¶ https://t.co/GORFB8Y5H2","TweetDeck","G1",""	
2019-06-24,"19:15:00","Bill Gates afirmou que ocupar o mercado do Android teria feito Microsoft ganhar US$ 400 bilh√µes https://t.co/dBJMwXf5eY #G1","TweetDeck","G1","G1"	
2019-06-24,"19:00:00","Avi√µes de guerra caem ap√≥s colidir na Alemanha	 um piloto morreu https://t.co/uIXZizlQ6s #G1","TweetDeck","G1","G1"
2019-06-24,"18:40:46","STF adia julgamento sobre pedido para soltar Lula	 na a√ß√£o, defesa do ex-presidente alega que Moro agiu de forma pa‚Ä¶ https://t.co/eWjqeJVHBN","TweetDeck","G1",""
2019-06-24,"18:30:00","Avi√£o militar da R√∫ssia pousa na Venezuela, segundo ag√™ncia https://t.co/gbs5lwnqRj #G1","TweetDeck","G1","G1"	
2019-06-24,"18:15:00","No depoimento, marido de Carol Bittencourt confirmou que ambos n√£o usavam equipamentos de seguran√ßa quando vendaval‚Ä¶ https://t.co/6rIqCuIeL7","TweetDeck","G1",""	
2019-06-24,"18:09:33","Filho de Huck e Ang√©lica deixa UTI e √© levado para o quarto ap√≥s acidente https://t.co/FE0lCA4hbA #G1","TweetDeck","G1","G1"	
2019-06-24,"18:00:01","""A Hope nasceu de uma gesta√ß√£o planejada. O canil cruzou a f√™mea mais d√≥cil com o macho mais d√≥cil e selecionamos o‚Ä¶ https://t.co/zDMrSZRR6I","TweetDeck","G1",""	
2019-06-24,"17:45:00","A investiga√ß√£o tratou da instala√ß√£o de uma ‚Äúvideoteca‚Äù, que contava com a instala√ß√£o de uma televis√£o de 65 polegad‚Ä¶ https://t.co/jiG9en7vhp","TweetDeck","G1",""	
2019-06-24,"17:30:00","Cansados de esperar pela prefeitura, moradores se juntam para construir ponto de √¥nibus em Palmas ==&gt	‚Ä¶ https://t.co/CYwZuzMYg0","TweetDeck","G1",""
2019-06-24,"17:15:00","Comiss√£o de Anistia julgar√° 98 pedidos de indeniza√ß√£o nesta semana, incluindo o de Dilma ==&gt	‚Ä¶ https://t.co/FR4zoMbc0X","TweetDeck","G1",""
2019-06-24,"17:08:01","Minist√©rio da Agricultura aprova registro de mais 42 agrot√≥xicos, totalizando 211 no ano https://t.co/fp3Wol8U0R #G1","TweetDeck","G1","G1"	
2019-06-24,"17:00:01","Voc√™ j√° foi se despedir da saga de Woody? https://t.co/yLJa7Hzrbo #G1","TweetDeck","G1","G1"	
2019-06-24,"16:52:33","RT @fatooufake: Livro √© um dicion√°rio alem√£o-ingl√™s usado por artista pl√°stica em experimento de cristaliza√ß√£o https://t.co/OtMHQsasMx #Fat‚Ä¶","TweetDeck","G1",""	
2019-06-24,"16:45:00","Trump tamb√©m anunciou que vai impor novas san√ß√µes contra Teer√£, sem especificar quais https://t.co/3FJwue1y46 #G1","TweetDeck","G1","G1"	
2019-06-24,"16:30:00","Antes de morrer, ela afirmou que seu companheiro havia cometido o crime, segundo a pol√≠cia https://t.co/OMyf8jeX35 #G1","TweetDeck","G1","G1"	
2019-06-24,"16:23:08","Ex-governador S√©rgio Cabral ficar√° em isolamento por 30 dias por instala√ß√£o de 'videoteca' em pres√≠dio do Rio https://t.co/iqxE1JehXG #G1","TweetDeck","G1","G1"	
2019-06-24,"16:15:00","O idoso foi dado como desaparecido depois de sair de casa, em Goi√¢nia, para receber uma d√≠vida https://t.co/iDKEjiYSRp #G1","TweetDeck","G1","G1"	
2019-06-24,"16:00:02","O objetivo √© aumentar o conhecimento sobre ele e seus ""efeitos din√¢micos no espa√ßo"" ao seu redor https://t.co/D1DZXLoxkH #G1","TweetDeck","G1","G1"	
2019-06-24,"15:45:00","No dia 18 de junho, nove pessoas foram presas por envolvimento no suposto furto https://t.co/JwUC4Aqaf6 #G1","TweetDeck","G1","G1"	
2019-06-24,"15:30:00","Veja pontos positivos e negativos do evento https://t.co/D2vCBOgKyz #G1","TweetDeck","G1","G1"	
2019-06-24,"15:15:00","""Eu tive que aguentar muito, at√© que um dia eu decidi que eu n√£o ia mais suportar"" https://t.co/SoKcBa4Aki #G1","TweetDeck","G1","G1"	
2019-06-24,"15:08:00","Respons√°vel pela investiga√ß√£o tenta identificar se houve crime de crueldade contra animais ou descuido na guarda https://t.co/pdcDfyD5AM #G1","TweetDeck","G1","G1"	
2019-06-24,"15:00:01","""Ele √© o pai dela, apesar de tudo o que aconteceu, ela o ama e esse contato vai sempre acontecer"" https://t.co/NP4OSy8oxK #G1","TweetDeck","G1","G1"	
2019-06-24,"14:45:00","Dados s√£o do Minist√©rio da Sa√∫de https://t.co/hmFiwcBNJx #G1","TweetDeck","G1","G1"	
2019-06-24,"14:30:00","""A ju√≠za me perguntou duas vezes, porque queria que eu tivesse certeza da responsabilidade que teria pela frente. N‚Ä¶ https://t.co/EFddzsEqF3","TweetDeck","G1",""	
2019-06-24,"14:15:00","""Encontrar um meio-termo significa que ambos os lados t√™m que ceder e fazer concess√µes, n√£o apenas um lado"" https://t.co/d4HPeQ7wfw #G1","TweetDeck","G1","G1"	
2019-06-24,"14:00:01","Qual √© a sua bebida favorita? https://t.co/pTMDmvX8ls #G1","TweetDeck","G1","G1"	
2019-06-24,"13:59:12","RT @showdavida: V√≠deo in√©dito mostra m√°gico indiano pedindo socorro antes de se afogar. Ilusionista indiano morreu afogado ap√≥s saltar acor‚Ä¶","TweetDeck","G1",""	
2019-06-24,"13:45:00","A estrutura est√° em n√≠vel m√°ximo de alerta desde mar√ßo deste ano, segundo classifica√ß√£o da Ag√™ncia Nacional de Mine‚Ä¶ https://t.co/zsBEh7H2sd","TweetDeck","G1",""	
2019-06-24,"13:38:00","O pai de Luiza chegou a receber uma mensagem do n√∫mero de telefone da jovem pedindo para que a fam√≠lia n√£o se preoc‚Ä¶ https://t.co/hKkKdzpUyw","TweetDeck","G1",""	
2019-06-24,"13:30:00","A √∫ltima vez que Madonna ficou com o primeiro lugar da lista foi em 2012 com o √°lbum ‚ÄúMDNA‚Äù https://t.co/AQ7xuEX7Zx #G1","TweetDeck","G1","G1"	
2019-06-24,"13:15:00","A pol√≠cia acredita que ele se desequilibrou, caiu de uma altura de 3 metros e foi atingido na queda por um disparo‚Ä¶ https://t.co/qcOvEZqxIP","TweetDeck","G1",""	
2019-06-24,"13:00:01","Desde 2013, o n√∫mero de pessoas em toda a regi√£o que se identifica como ""n√£o religiosa"" subiu de 8% para 13% https://t.co/6RaxyNVPha #G1","TweetDeck","G1","G1"	
2019-06-24,"12:52:00","A pol√≠cia paulista tamb√©m divulgou fotos dos poss√≠veis disfarces que o homem procurado pelos assassinatos possa uti‚Ä¶ https://t.co/lqHJuLp2do","TweetDeck","G1",""	
2019-06-24,"12:45:00","Suspeito se apresentou √† pol√≠cia, mas n√£o foi preso porque n√£o houve flagrante https://t.co/RQ65o8OfUA #G1","TweetDeck","G1","G1"	
2019-06-24,"12:30:00","""Pessoas desejando o meu mal, isso √© complicado. Usando a religi√£o para perpetuar preconceito, ser agressiva. √â imp‚Ä¶ https://t.co/b61NE7U1Fr","TweetDeck","G1",""	
2019-06-24,"12:15:00","Testemunhas dizem que condutor, que √© cabo do Ex√©rcito, estava alcoolizado https://t.co/nlq9ejlD3y #G1","TweetDeck","G1","G1"	
2019-06-24,"12:00:01","Imagina o susto! https://t.co/fEesxz4xQf #G1","TweetDeck","G1","G1"	
2019-06-24,"11:45:00","""O aumento do pre√ßo do bitcoin se deve principalmente ao renovado interesse global pelas criptomoedas e pela tecnol‚Ä¶ https://t.co/2HSnPzzTsN","TweetDeck","G1",""	
2019-06-24,"11:30:00","Mulher foi baleada com seis tiros https://t.co/CFHB7DogMa #G1","TweetDeck","G1","G1"	
2019-06-24,"11:15:00","M√£e e beb√™ foram internados na maternidade e passam bem https://t.co/kN0HxonKs8 #G1","TweetDeck","G1","G1"	
2019-06-24,"11:00:00","O pedido de liberdade, apresentado em 2018, √© um habeas corpus em que a defesa de Lula aponta a suspei√ß√£o do ex-jui‚Ä¶ https://t.co/RSq176OjKX","TweetDeck","G1",""	
2019-06-24,"10:45:00","Em declara√ß√£o postada em uma rede social no √∫ltimo domingo (23), ela afirmou que n√£o acredita na participa√ß√£o dos f‚Ä¶ https://t.co/N7Y315YxRn","TweetDeck","G1",""	
2019-06-24,"10:30:00","Leia no blog da @AndreiaSadi: https://t.co/7sgNVwLChs #G1","TweetDeck","G1","G1"	
2019-06-24,"2:59:00","Temperaturas podem superar os 40¬∞C na Espanha e na Alemanha https://t.co/MJjFtR3sHl #G1","TweetDeck","G1","G1"	
2019-06-24,"2:30:00","Foragido por homic√≠dio, homem √© preso ap√≥s ser identificado em portal de reconhecimento facial no entorno da Arena‚Ä¶ https://t.co/a4akHR4dTK","TweetDeck","G1",""	
2019-06-24,"2:00:00","Policial militar √© morto quando prendia ladr√£o na Zona Sul de SP https://t.co/ehgfkNo9a9 #G1","TweetDeck","G1","G1"	
2019-06-24,"1:30:00","Festa de anivers√°rio termina com morte e duas casas incendiadas em Bocai√∫va do Sul, diz pol√≠cia https://t.co/IGkCmWGHkc #G1","TweetDeck","G1","G1"	
2019-06-24,"1:00:00","Filho que levou tiro ao discutir sobre d√≠vida de R$ 2 milh√µes foge com bala alojada no peito, diz hospital em MS https://t.co/lXUfFZt3T1 #G1","TweetDeck","G1","G1"	
2019-06-24,"0:54:06","Luciano Huck sobre recupera√ß√£o do filho Ben√≠cio: 'Um passinho de cada vez' https://t.co/AwmxPU9lbW #G1","TweetDeck","G1","G1"	
2019-06-24,"0:30:00","Piscininha, amor? https://t.co/keEZtsyHFC #G1","TweetDeck","G1","G1"	
2019-06-24,"0:15:00","Ataque cibern√©tico dos EUA desativou computadores militares do Ir√£, diz imprensa norte-americana https://t.co/TFdgmH2MMh #G1","TweetDeck","G1","G1"	
2019-06-24,"0:00:00","Categoria inclui barras de cereal, cereais matinais, sucos prontos, p√£es de forma integrais, peito de peru... https://t.co/JI0C6NBWg8 #G1","TweetDeck","G1","G1"	
2019-06-23,"23:30:00","'Confiss√µes n√£o s√£o suficientes para condenar', diz Flordelis sobre participa√ß√£o de filhos na morte do marido https://t.co/7ZVCNwh1dg #G1","TweetDeck","G1","G1"	
2019-06-23,"23:12:00","Acidente deixa 4 mortos, sendo duas crian√ßas, na Rodovia SP-342 em √Åguas da Prata https://t.co/xG0zH4BhK0 #G1","TweetDeck","G1","G1"	
2019-06-23,"23:00:00","Nossa sociedade moderna depende de cadeias de distribui√ß√£o alimentar complexas e modernas. O que aconteceria se ela‚Ä¶ https://t.co/HxfS5nSNxw","TweetDeck","G1",""	
2019-06-23,"22:30:00","Filho de Huck e Ang√©lica passa por neurocirurgia ap√≥s sofrer traumatismo	 estado de sa√∫de √© est√°vel, diz hospital‚Ä¶ https://t.co/TJmX9Ai8WN","TweetDeck","G1",""
2019-06-23,"22:17:42","Passageira relata que foi esquecida dentro de avi√£o em Toronto, no Canad√° https://t.co/D2WG2FWIH0 #G1","TweetDeck","G1","G1"	
2019-06-23,"22:00:00","Poste cai em cima de homem em Cabo Frio, no RJ https://t.co/h5NYF123Q3 #G1","TweetDeck","G1","G1"	
2019-06-23,"21:45:00","Homem √© preso suspeito de matar dono de oficina de motos e filmar crime, em Rialma (GO) https://t.co/iiEMyTkQ1o #G1","TweetDeck","G1","G1"	
2019-06-23,"21:40:54","RT @globoesportecom: Brasil leva gol de Henry na prorroga√ß√£o e acaba eliminado na Copa do Mundo Feminina https://t.co/m5kbPULJjt https://t.‚Ä¶","TweetDeck","G1",""	
2019-06-23,"21:30:00","Premi√™ √© acusado de fraudar fundos da Uni√£o Europeia e de nomear ministra da Justi√ßa que dificultaria processo cont‚Ä¶ https://t.co/iDSzi1n5e3","TweetDeck","G1",""	
2019-06-23,"20:59:00","Delegado mata cachorro com tiro na rua em S√£o Luiz Gonzaga, RS: 'Iria atacar, n√£o tinha o que fazer' https://t.co/EYHzRNKoXl #G1","TweetDeck","G1","G1"	
2019-06-23,"20:45:00","Pol√≠cia apreende 8 toneladas de maconha em estrada de Pernambuco	 √© a maior apreens√£o da droga na hist√≥ria do estad‚Ä¶ https://t.co/Oe9nu3cYZJ","TweetDeck","G1",""
2019-06-23,"20:30:00","Paulo Ricardo faz post em homenagem ao baterista Paulo P.A. Pagni, da banda RPM, que morreu neste s√°bado (22) https://t.co/qWPst9TLSe #G1","TweetDeck","G1","G1"	
2019-06-23,"20:15:00","Categoria inclui barras de cereal, cereais matinais, sucos prontos, p√£es de forma integrais, peito de peru... https://t.co/JI0C6NkkRy #G1","TweetDeck","G1","G1"	
2019-06-23,"20:00:00","Grupo de 61 atletas salta de paraquedas e bate recorde no interior de SP https://t.co/ORM4YzG2D4 #G1 https://t.co/09yslMS49u","TweetDeck","G1","G1"	
2019-06-23,"19:45:00","Paulo P.A. Pagni, da banda RPM, √© enterrado em Ara√ßariguama https://t.co/TwMY9DoUYd #G1","TweetDeck","G1","G1"	
2019-06-23,"19:31:00","'Confiss√µes n√£o s√£o suficientes para condenar', diz Flordelis sobre participa√ß√£o de filhos na morte do marido https://t.co/UxUXdVD3Yt #G1","TweetDeck","G1","G1"	
2019-06-23,"19:17:00","Novos di√°logos atribu√≠dos a Moro e procuradores sugerem articula√ß√£o para apoiar Moro em tens√µes com STF, diz jornal‚Ä¶ https://t.co/UoCZ6ZzNHs","TweetDeck","G1",""	
2019-06-23,"19:00:00","Mel C agita a Parada LGBT com cl√°ssicos das Spice Girls: 'SP √© um lugar que sempre foi muito generoso comigo' https://t.co/P8ialbiXTw #G1","TweetDeck","G1","G1"	
2019-06-23,"18:47:00","Casamento coletivo oficializa uni√£o de quatro casais na Parada LGBT de SP https://t.co/k7GBM6QQeq #G1 https://t.co/86dVfwHVa5","TweetDeck","G1","G1"	
2019-06-23,"18:34:18","Filho de Huck e Ang√©lica passa por neurocirurgia ap√≥s sofrer traumatismo	 estado de sa√∫de √© est√°vel, diz hospital‚Ä¶ https://t.co/Qw71TZGarr","TweetDeck","G1",""
2019-06-23,"18:17:00","'Maior pa√ßoca do mundo' bate novo recorde no tradicional arraial de Boa Vista https://t.co/uwWdtNMSlV #G1 https://t.co/2lPM15uBBC","TweetDeck","G1","G1"	
2019-06-23,"17:47:00","Chin√™s √© eleito novo diretor-geral da FAO e vai substituir brasileiro https://t.co/y4MiH4wtwN #G1 https://t.co/xXgfQ75TQY","TweetDeck","G1","G1"	
2019-06-23,"17:17:00","Alice, o primeiro avi√£o comercial totalmente el√©trico https://t.co/NEDkgWJpcw #G1 https://t.co/uEdcnZB6eg","TweetDeck","G1","G1"	
2019-06-23,"16:47:00","Chefe do ex√©rcito da Eti√≥pia e tr√™s outros s√£o assassinados em tentativa de golpe https://t.co/CxXSvC5RVr #G1 https://t.co/395G3xr5QO","TweetDeck","G1","G1"	
2019-06-23,"16:17:00","M√£e aguarda h√° 3 anos por julgamento de PM que matou filho dela em abordagem https://t.co/ztdeKYOalo #G1 https://t.co/DiecPlTUZw","TweetDeck","G1","G1"	
2019-06-23,"15:47:00","C√£o doa sangue para salvar vida de cadela que sofreu aborto em SP https://t.co/gT6NvGRmw3 #G1 https://t.co/7xrpwqXKnb","TweetDeck","G1","G1"	
2019-06-23,"15:17:00","3 em cada 4 partidos t√™m mais da metade da estrutura formada por comiss√µes provis√≥rias ==&gt	 https://t.co/guiS1snGqY #G1","TweetDeck","G1","G1"
2019-06-23,"14:49:47","Com 19 trios e ex-Spice Girl, parada espera atrair 3 milh√µes https://t.co/QEKq9Y442z #G1 https://t.co/1mPWU1A6Sn","TweetDeck","G1","G1"	
2019-06-23,"14:47:00","Corpo do jogador Thalles ser√° enterrado neste domingo em Niter√≥i https://t.co/gvb6EzMQN0 #G1 https://t.co/scpNtGLlAP","TweetDeck","G1","G1"	
2019-06-23,"14:17:00","Brasileiro de 13 anos √© primeiro sul-americano no principal concurso de violino do mundo https://t.co/pjON3Ft7lV #G1 https://t.co/4b3SnTRJDa","TweetDeck","G1","G1"	
2019-06-23,"13:47:00","O que se sabe sobre o assassinato do pastor Anderson do Carmo, marido da deputada Flordelis https://t.co/iYZTuGN4P5‚Ä¶ https://t.co/ZRpPXL1uHU","TweetDeck","G1",""	
2019-06-23,"13:17:00","Kim recebe carta de Trump e se diz satisfeito com 'excelente' conte√∫do https://t.co/hCr0iBsEYg #G1 https://t.co/wanEEHRSPO","TweetDeck","G1","G1"	
2019-06-23,"12:49:00","Filho de Luciano Huck e Ang√©lica √© operado ap√≥s acidente no Rio https://t.co/X4P62eBmYC #G1 https://t.co/rKdgvpiV8p","TweetDeck","G1","G1"	
2019-06-23,"12:47:00","Filhos de Flordelis pagaram R$ 8 mil por arma usada para matar pastor https://t.co/abI11ft9ED #G1 https://t.co/8gxgXy3JSQ","TweetDeck","G1","G1"	
2019-06-23,"12:17:00","Como recuperar o PIN de seguran√ßa que √© exigido na verifica√ß√£o em duas etapas no WhatsApp? https://t.co/bjfCCjJDZf‚Ä¶ https://t.co/EREuN6KJB3","TweetDeck","G1",""	
2019-06-23,"11:47:00","14 √≥rg√£os abrem as inscri√ß√µes nesta segunda para quase 500 vagas https://t.co/FTz3f4anVv #G1 https://t.co/myszLDiVFx","TweetDeck","G1","G1"	
2019-06-23,"11:17:00","Parada do Orgulho LGBT acontece neste domingo em SP com 19 trios e shows de Mel C, Iza, Karol Conk√° e Gloria Groove‚Ä¶ https://t.co/DCcqf2Psf3","TweetDeck","G1",""	
2019-06-23,"10:43:07","Baterista Paulo P.A. Pagni, do RPM, √© velado em Ara√ßariguama https://t.co/yiyUQ1DEf0 #G1 https://t.co/Q8T2iVgNAH","TweetDeck","G1","G1"	
2019-06-23,"2:00:00","O presidente americano tamb√©m se disse disposto a fazer um acordo para ajudar a economia iraniana ==&gt	 
https://t.co/4Hm6YLVUM2 #G1","TweetDeck","G1","G1"	
2019-06-23,"1:30:00","Presidente dos EUA disse que vai postegar medida enquanto busca um compromisso com os l√≠deres democratas sobre ques‚Ä¶ https://t.co/9fJKum1ZgX","TweetDeck","G1",""	
2019-06-23,"1:00:00","A cabeleireira viralizou na web quando fez um post ‚Äúamea√ßando‚Äù se mudar ‚Äúde mala e cuia‚Äù para a casa do ex que n√£o‚Ä¶ https://t.co/cQrlHwbk5V","TweetDeck","G1",""	
2019-06-23,"0:17:07","Veja as dezenas sorteadas ==&gt	 https://t.co/VGLP0Vag40 #G1","TweetDeck","G1","G1"
2019-06-23,"0:00:00","Ela disse que est√° com vontade de comer arroz com feij√£o e mandou um recado para os colegas da escola: ‚Äúestou volta‚Ä¶ https://t.co/RLF5td0H3E","TweetDeck","G1",""	
2019-06-22,"23:30:00","O pai dela dirigia o ve√≠culo e sofreu o acidente enquanto tentava socorrer a filha ==&gt	 https://t.co/D3iqEBnszH #G1","TweetDeck","G1","G1"
2019-06-22,"23:00:00","'Eu me desesperei e achei que tinha ca√≠do meu rosto', diz v√≠tima de ataque com l√≠quido √°cido em Porto Alegre ==&gt	 https://t.co/Bo26PpBQqO #G1","TweetDeck","G1","G1"
2019-06-22,"22:30:00","Catador constr√≥i casa com dinheiro da reciclagem: 'Me chamam de Jo√£o de Barro'	
https://t.co/ocaCtdyPkT #G1 https://t.co/GBwMDwIVHJ","TweetDeck","G1","G1"	
2019-06-22,"22:00:00","Como seria um eventual conflito entre os EUA e Ir√£? 	
https://t.co/0jSlLX1qkH #G1 https://t.co/NTDGQrgMj4","TweetDeck","G1","G1"	
2019-06-22,"21:28:48","Morre Paulo Pagni, baterista do RPM 	
https://t.co/PWtcvv2ZbE #G1 https://t.co/5Al5OLcni4","TweetDeck","G1","G1"	
2019-06-22,"21:00:00","Para ganhar a confian√ßa das v√≠timas e conseguir resgat√°-las, as trans participavam das opera√ß√µes como interlocutora‚Ä¶ https://t.co/VY7BOfGH9X","TweetDeck","G1",""	
2019-06-22,"20:30:00","Apostas podem ser feitas at√© as 19h, em lot√©ricas ou pela internet 	
https://t.co/WeKZuINjVP #G1","TweetDeck","G1","G1"	
2019-06-22,"20:00:00","Deputada Flordelis diz que vai depor √† pol√≠cia do RJ sobre o assassinato do marido na segunda-feira‚Ä¶ https://t.co/4AuFl2d9Jz","TweetDeck","G1",""	
2019-06-22,"19:30:00","'Querem me deixar como rainha da Inglaterra?' 	
https://t.co/bOzdOyQPTi #G1 https://t.co/C84OzNUni0","TweetDeck","G1","G1"	
2019-06-22,"19:00:01","Dados do IR mostram que super-ricos t√™m mais isen√ß√µes e pagam menos imposto no Brasil https://t.co/JKLq5T4N8a  #G1 https://t.co/xtpRBjm0yn","TweetDeck","G1","G1"	
2019-06-22,"18:30:00","Advogada constr√≥i bebedouro no muro de casa para moradores de rua: 'a sede √© uma tortura', diz‚Ä¶ https://t.co/8FlAucdsLY","TweetDeck","G1",""	
2019-06-22,"18:00:00","Estudante que sonhava fazer interc√¢mbio na Irlanda perde R$ 27 mil ap√≥s ag√™ncia falir: 'Estou perdido'‚Ä¶ https://t.co/2l66EtCl3P","TweetDeck","G1",""	
2019-06-22,"17:30:00","Corpos de tr√™s v√≠timas de naufr√°gio no interior do Amazonas s√£o encontrados https://t.co/stKDbvcnT1 #G1 https://t.co/iairbWM5Hy","TweetDeck","G1","G1"	
2019-06-22,"17:00:01","MP pede R$ 39 mil de indeniza√ß√£o a m√©dico que participou de trote com teor machista https://t.co/UW4cMGrt6e #G1 https://t.co/KO76NEQBng","TweetDeck","G1","G1"	
2019-06-22,"16:30:00","Waymo faz parceria com alian√ßa Renault-Nissan por carros aut√¥nomos na Fran√ßa e no Jap√£o https://t.co/H0bhtFVjVm #G1 https://t.co/rDJFbwj2Ln","TweetDeck","G1","G1"	
2019-06-22,"16:00:00","Com sucessos e ora√ß√µes, Felipe Ara√∫jo homenageia irm√£o e amigo Gabriel Diniz em Americana https://t.co/4NcB4hdEbJ‚Ä¶ https://t.co/ipB4uD1z7P","TweetDeck","G1",""	
2019-06-22,"15:31:00","Catador constr√≥i casa com dinheiro da reciclagem: 'Chamam de Jo√£o de Barro' https://t.co/lOPxBDN5dM #G1 https://t.co/DKgfURK1G6","TweetDeck","G1","G1"	
2019-06-22,"15:01:00","Claudia Leitte faz post de momento com filhos e mostra chute de Bela na barriga: 'Disputada'‚Ä¶ https://t.co/P22f5GEFb7","TweetDeck","G1",""	
2019-06-22,"14:35:58","Cantora Mar√≠lia Mendon√ßa est√° gr√°vida https://t.co/0uxvBMRkIK #G1 https://t.co/BhJYjZTZeF","TweetDeck","G1","G1"	
2019-06-22,"14:30:00","Piloto de moto morre ap√≥s perder o controle da dire√ß√£o e bater em poste em Curitiba https://t.co/CMvppVgxMn #G1 https://t.co/sXHNtknSXl","TweetDeck","G1","G1"	
2019-06-22,"14:00:00","Vacinas: o que s√£o, como s√£o feitas e por que h√° quem duvide delas https://t.co/TmT8ZWh5Gg #G1 https://t.co/vjWJYa1XF9","TweetDeck","G1","G1"	
2019-06-22,"13:30:00","Mega-Sena pode pagar R$ 2,5 milh√µes neste s√°bado https://t.co/sOiliPAQCF #G1 https://t.co/S5spMPbRZH","TweetDeck","G1","G1"	
2019-06-22,"13:00:00","Luisa Marilac relata drama de quem se assume transexual: 'Voc√™ n√£o tem outra op√ß√£o a n√£o ser a prostitui√ß√£o'‚Ä¶ https://t.co/kGhnLjnM8v","TweetDeck","G1",""	
2019-06-22,"12:31:00","Semana Pop tem chantagem com nudes, Pabllo Vittar longe demais e Toy Story 4	 ASSISTA https://t.co/kzor4z3srR #G1 https://t.co/CNUM40AlWW","TweetDeck","G1","G1"
2019-06-22,"12:05:56","Jogador Thalles, do Vasco, morre em acidente no RJ https://t.co/VCTj7ylS3S #G1 https://t.co/lrjTB8QcCt","TweetDeck","G1","G1"	
2019-06-22,"12:00:00","Filhos de mulher morta por causa de peda√ßo de bolo n√£o conseguem dormir: 'Est√£o sofrendo' https://t.co/FRhmrsIt6u‚Ä¶ https://t.co/3r3ItkFuTQ","TweetDeck","G1",""	
2019-06-22,"11:30:00","Meryl Streep completa 70 anos	 veja 10 curiosidades sobre a atriz https://t.co/fa2MMJcXTU #G1 https://t.co/t4jcr7NYmT","TweetDeck","G1","G1"
2019-06-22,"11:00:00","PIB dos pa√≠ses da Copa Am√©rica n√£o chega a 10% da economia mundial https://t.co/KDkipqLEG7 #G1 https://t.co/q4bHXOqhiq","TweetDeck","G1","G1"	
2019-06-22,"10:30:00","Sete pa√≠ses da Uni√£o Europeia aumentam press√£o por acordo comercial com Mercosul	
https://t.co/BLNgqIOlw3 #G1 https://t.co/DXdZ5R22fI","TweetDeck","G1","G1"	
2019-06-22,"10:15:00","Ap√≥s inc√™ndio, Ponte do Jaguar√© ficar√° interditada pelo menos at√© segunda-feira na Zona Oeste de SP‚Ä¶ https://t.co/hpqmDSFucC","TweetDeck","G1",""	
2019-06-22,"10:00:01","Ap√≥s destrui√ß√£o de drone, EUA pro√≠bem voos comerciais sobre espa√ßo a√©reo do Ir√£ na regi√£o do Golfo‚Ä¶ https://t.co/cib4NF7e6e","TweetDeck","G1",""	
2019-06-22,"9:00:00","Su√≠√ßo que viajava com menino tailand√™s vai responder pelo crime de pornografia infantil	
https://t.co/fpQssUzNj7 #G1","TweetDeck","G1","G1"	
2019-06-22,"3:00:00","Maestro Silvio Baccarelli morre em SP aos 87 anos https://t.co/QOPSDAiQ8C #G1 https://t.co/Vd9slGvqjz","TweetDeck","G1","G1"	
2019-06-22,"2:45:00","Em nota, a Natura disse que considera den√∫ncia infundada	
https://t.co/mAdaZRbtSx #G1","TweetDeck","G1","G1"	
2019-06-22,"2:30:00","Secret√°rio de Estado brit√¢nico √© suspenso ap√≥s agredir militante do Greenpeace	
https://t.co/C9a50xgPuT #G1 https://t.co/iSxH2Lac3X","TweetDeck","G1","G1"	
2019-06-22,"2:15:00","Em sua p√°gina no Facebook, o PTC lamentou o falecimento de Daniel, informando que a causa da morte n√£o foi divulgad‚Ä¶ https://t.co/f0OlGWDsCj","TweetDeck","G1",""	
2019-06-22,"2:00:00","H√° v√°rias coisas para se fazer singularmente, em fam√≠lia, a fim de diminuir tanto impacto sobre a natureza   	
https://t.co/MQzyEFFVd2 #G1","TweetDeck","G1","G1"	
2019-06-22,"1:45:00","Unesp de Araraquara cria tratamento mais barato e menos dolorido para retra√ß√£o de gengiva https://t.co/gJwFLnj31u‚Ä¶ https://t.co/6bugA29lxm","TweetDeck","G1",""	
2019-06-22,"1:30:00","Mulher d√° √† luz beb√™ de quase 4 kg dentro de carro de aplicativo em Londrina (PR) 	
https://t.co/OdofeiUXvZ #G1 https://t.co/uXErn58QYq","TweetDeck","G1","G1"	
2019-06-22,"1:15:00","""A primeira consulta em fevereiro eu j√° tinha aguardado seis meses e agora mais quatro meses desde fevereiro para c‚Ä¶ https://t.co/Tvd4hnB09U","TweetDeck","G1",""	
2019-06-22,"1:00:00","Previs√µes do Painel Intergovernamental sobre Mudan√ßas Clim√°ticas (IPCC)  antecipam um aumento nas temperaturas de 1‚Ä¶ https://t.co/WHQnJB3EKB","TweetDeck","G1",""	
2019-06-22,"0:45:00","Michelle Bachelet e Juan Guaid√≥ tiveram uma reuni√£o diplom√°tica nesta sexta (21) em Caracas	
https://t.co/DefS2jKbRP #G1","TweetDeck","G1","G1"	
2019-06-22,"0:30:00","Estabelecimento oferece 180 vagas	 sal√°rio varia de R$ 1.090 a R$ 3 mil https://t.co/xIRfFQPTFP #G1","TweetDeck","G1","G1"
2019-06-22,"0:15:00","Fabr√≠cio Queiroz se envolveu em dois casos de morte quando era PM, diz revista	
https://t.co/3aHlChbDRu #G1 https://t.co/sRdwzk6uBv","TweetDeck","G1","G1"	
2019-06-22,"0:00:00","Cardi B enfrenta processo por briga em casa noturna	
https://t.co/A4mgDkCpNO #G1 https://t.co/kyhtZljGiJ","TweetDeck","G1","G1"	
2019-06-21,"23:45:00","Filipinas vive surto da doen√ßa, mas not√≠cias falsas atrapalham a campanha de vacina√ß√£o https://t.co/pM572sDQLt #G1","TweetDeck","G1","G1"	
2019-06-21,"23:30:00","Ap√≥s ser abandonada, idosa de 81 anos √© achada sozinha e doente no Maranh√£o https://t.co/yeosQwyyYw #G1 https://t.co/hiUr8Lkyc1","TweetDeck","G1","G1"	
2019-06-21,"23:15:00","Pol√≠cia diz que deputada federal Flordelis √© uma das investigadas por morte do marido	
https://t.co/li8jWbWmqH #G1 https://t.co/SRHxfzWu1a","TweetDeck","G1","G1"	
2019-06-21,"23:00:00","O uso de monitoramento eletr√¥nico √© uma das medidas cautelares determinadas pela Justi√ßa no dia 14, quando o ex-gov‚Ä¶ https://t.co/8Bu9j984pI","TweetDeck","G1",""	
2019-06-21,"22:45:00","T√©cnica em hemoterapia cria modelo de calcinha para transexuais que ajuda a evitar problemas urin√°rios‚Ä¶ https://t.co/sP3udLMjBq","TweetDeck","G1",""	
2019-06-21,"22:30:00","Nova York descriminaliza posse de maconha ap√≥s fracassar com legaliza√ß√£o https://t.co/tIOcU4eAq2 #G1 https://t.co/kS01BXlx6x","TweetDeck","G1","G1"	
2019-06-21,"22:15:00","Presidente quer evitar que militares ou policiais fiquem na ""linha de tiro"" diante de ""marginais que n√£o t√™m recupe‚Ä¶ https://t.co/frI7nnjskC","TweetDeck","G1",""	
2019-06-21,"22:00:00","Apple anuncia recall do Macbook Pro por risco de inc√™ndio das baterias	 n√∫mero de unidades afetadas n√£o foi informa‚Ä¶ https://t.co/cYvs1uRMHX","TweetDeck","G1",""
2019-06-21,"21:45:00","Justi√ßa autoriza bloqueio banc√°rio de suspeito pela morte do ator Rafael Miguel e seus pais	
https://t.co/xNJbgEjlBv‚Ä¶ https://t.co/FjH6jS7Gn8","TweetDeck","G1",""	
2019-06-21,"21:30:00","Cientistas dizem que uso de celular pode criar protuber√¢ncia no cr√¢nio	
https://t.co/dBAmGX57U9 #G1 https://t.co/SDk9aa8tmf","TweetDeck","G1","G1"	
2019-06-21,"21:15:00","Menino com autismo come√ßa a conversar ap√≥s terapia com c√£es. Animais participam de sess√µes de fonoaudiologia, fisio‚Ä¶ https://t.co/7MstD1YNEs","TweetDeck","G1",""	
2019-06-21,"21:00:01","Ap√≥s cinco meses, m√£e reencontra filha sequestrada pelo pai nigeriano https://t.co/879xHLR7Iy #G1","TweetDeck","G1","G1"	
2019-06-21,"20:45:00","Pedido de liberdade de Lula n√£o se baseia em reportagens de site, diz defesa ap√≥s parecer da PGR‚Ä¶ https://t.co/ReIKqCTPCS","TweetDeck","G1",""	
2019-06-21,"20:30:00","Jovens s√£o os mais afetados pela piora do mercado de trabalho, e comprometem futuro da Previd√™ncia https://t.co/qFz7dKB1zX #G1","TweetDeck","G1","G1"	
2019-06-21,"20:15:00","Governo franc√™s lan√ßa grande plano nacional contra a mutila√ß√£o genital feminina 	
https://t.co/NNdFBupQGj #G1 https://t.co/LgJ3rBGHO0","TweetDeck","G1","G1"	
2019-06-21,"20:00:00","Libera√ß√£o de trabalho aos domingos e feriados impacta principalmente o com√©rcio	 veja o que muda para trabalhadores‚Ä¶ https://t.co/4w3hxmg4AI","TweetDeck","G1",""
2019-06-21,"19:45:00","Depois de longa espera, morte foi atestada por um m√©dico particular, amigo da fam√≠lia https://t.co/j4uhjPn0Dy #G1","TweetDeck","G1","G1"	
2019-06-21,"19:30:00","Este 21 de junho √© o Dia Internacional da Esclerose Lateral Amiotr√≥fica https://t.co/8TDG0kcNk8 #G1","TweetDeck","G1","G1"	
2019-06-21,"19:15:00","A procuradora-geral da Rep√∫blica, Raquel Dodge, opina contra pedido de Lula para anular processo e diz que √© precis‚Ä¶ https://t.co/dsyntuFuap","TweetDeck","G1",""	
2019-06-21,"19:00:01","Carlos Thadeu de Freitas, que j√° foi diretor do BNDES, disse que o banco tem espa√ßo e f√¥lego para devolver ao Tesou‚Ä¶ https://t.co/oyvPeXiESO","TweetDeck","G1",""	
2019-06-21,"18:45:00","Jovem diz ter sido agredido e amea√ßado por seguran√ßas da Feira Cultural LGBT em SP https://t.co/gt4QqHzSMT #G1 https://t.co/Ow3zt8loIf","TweetDeck","G1","G1"	
2019-06-21,"18:30:00","""Na ponta da linha, quem demarca terra ind√≠gena √© o presidente"", diz Bolsonaro https://t.co/mwYGuWZOIS #G1 https://t.co/TRfDTFYYlB","TweetDeck","G1","G1"	
2019-06-21,"18:15:00","Inc√™ndio sob Ponte do Jaguar√© deixa 150 desabrigados que moravam havia dez anos em 40 barracos‚Ä¶ https://t.co/zgMjZLg58i","TweetDeck","G1",""	
2019-06-21,"18:00:01","Mulher diz que foi v√≠tima de agress√µes e teve fotos √≠ntimas divulgadas em site de prostitui√ß√£o pelo ex-companheiro‚Ä¶ https://t.co/vGpBFe6Pky","TweetDeck","G1",""	
2019-06-21,"17:45:00","Ex-secret√°rio municipal √© detido suspeito de agredir e quebrar dente da namorada ap√≥s v√≠tima revelar gravidez em Cu‚Ä¶ https://t.co/nNUXj563tv","TweetDeck","G1",""